nct_id,title,status,study_type,phase,conditions,sponsor,pulled_at,bio_evidence_score,confidence,evidence_reason
NCT03919214,Hypertension Management in Cancer Patients,TERMINATED,INTERVENTIONAL,NA,"Blood Pressure, Hypertension, Cancer, Cancer, Breast, Cancer of Prostate, CLL, Hematopoietic Malignancy",Duke University,2025-12-31T14:50:10Z,14,Low,"phase=8, status=6, bio_hits=0, mech_hits=0"
NCT06507033,Development of the Wearable Arm Volume Measurement Device and Mobile Application,NOT_YET_RECRUITING,INTERVENTIONAL,NA,Breast Cancer Related Lymphedema,Ayşe ARIKAN DÖNMEZ,2025-12-31T14:50:10Z,18,Low,"phase=8, status=10, bio_hits=0, mech_hits=0"
NCT06786949,Night-shift Work and Breast Cancer,RECRUITING,OBSERVATIONAL,NA,Breast Cancer Risk Factors,IRCCS Azienda Ospedaliero-Universitaria di Bologna,2025-12-31T14:50:10Z,18,Low,"phase=8, status=10, bio_hits=0, mech_hits=0"
NCT06671249,Comparing the Safety and Cosmetic Outcomes Between Laparoscopic Versus Traditional Open Breast-conserving Surgery,NOT_YET_RECRUITING,INTERVENTIONAL,NA,Breast Cancer,"Second Affiliated Hospital, School of Medicine, Zhejiang University",2025-12-31T14:50:10Z,18,Low,"phase=8, status=10, bio_hits=0, mech_hits=0"
NCT01196455,Capecitabine and Mitomycin C in Treatment of Patients With Metastatic Breast Cancer,UNKNOWN,INTERVENTIONAL,PHASE2,"Breast Cancer, Metastasis",Croatian Cooperative Group for Clinical Research in Oncology,2025-12-31T14:50:10Z,14,Low,"phase=8, status=6, bio_hits=0, mech_hits=0"
NCT07109726,A Phase 1/2 Trial of TER-2013 in Patients With Solid Tumors Harboring AKT/PI3K/PTEN Pathway Alterations,RECRUITING,INTERVENTIONAL,"PHASE1, PHASE2","Breast Cancer, Endometrial Cancer, Ovarian Cancer, Lung Squamous Cell Carcinoma, Head and Neck Squamous Cell Carcinoma, Esophageal Squamous Cell Carcinoma, Solid Tumor, Cervical Cancer",Terremoto Biosciences Inc.,2025-12-31T14:50:10Z,24,Low,"phase=8, status=10, bio_hits=1, mech_hits=0"
NCT04088955,A Digimed Oncology PharmacoTherapy Registry,UNKNOWN,OBSERVATIONAL,NA,"Colon Cancer, Breast Cancer, Rectal Cancer","Proteus Digital Health, Inc.",2025-12-31T14:50:10Z,17,Low,"phase=8, status=6, bio_hits=0, mech_hits=1"
NCT01151215,Study of Anastrozole +/- AZD8931 in Postmenopausal Women With Endocrine Therapy Naive Breast Cancer,TERMINATED,INTERVENTIONAL,PHASE2,"Neoplasms, Breast Neoplasms, Breast Cancer",AstraZeneca,2025-12-31T14:50:10Z,17,Low,"phase=8, status=6, bio_hits=0, mech_hits=1"
NCT04736576,Study to Evaluate Patient Reported Outcome (PRO) and Physical Activity in Japanese Patients With HR+/HER2- Advanced Breast Cancer Treated With Palbociclib Plus Endocrine Therapy or Endocrine Monotherapy,COMPLETED,INTERVENTIONAL,NA,Breast Cancer,Pfizer,2025-12-31T14:50:10Z,23,Low,"phase=8, status=12, bio_hits=0, mech_hits=1"
NCT07120217,"Breast Cancer Risk Investigation in Grown-up Hodgkin Lymphoma Patients Treated With MBVD. Multicenter Retrospective Study on ≥200 Adult Female HL Patients Treated With ≥1 MBVD Cycle (NPLD, Bleomycin, Vinblastine, Dacarbazine). It Investigates Breast Cancer Incidence Post-treatment.",COMPLETED,OBSERVATIONAL,NA,"Hodgkin Disease, Breast Cancer, Liposomal Doxorubicin",Federico II University,2025-12-31T14:50:10Z,20,Low,"phase=8, status=12, bio_hits=0, mech_hits=0"
NCT03351140,Patient-Reported Outcome Measurement Information System (PROMIS) Physical Function,COMPLETED,OBSERVATIONAL,NA,Neoplasms,GlaxoSmithKline,2025-12-31T14:50:10Z,20,Low,"phase=8, status=12, bio_hits=0, mech_hits=0"
NCT01892540,PET/CT or PET/MRI in Measuring Tumors in Patients Undergoing Clinical Imaging or With Newly Diagnosed Breast Cancer,COMPLETED,INTERVENTIONAL,NA,"Breast Cancer, Unspecified Adult Solid Tumor, Protocol Specific",Case Comprehensive Cancer Center,2025-12-31T14:50:10Z,20,Low,"phase=8, status=12, bio_hits=0, mech_hits=0"
NCT07146568,Evaluating the Implementation and Effectiveness of the Pink and Pearl Campaign on Lung Cancer Screening at Christian Hospital,NOT_YET_RECRUITING,INTERVENTIONAL,NA,"Lung Cancer, Cancer of the Lung",Washington University School of Medicine,2025-12-31T14:50:10Z,18,Low,"phase=8, status=10, bio_hits=0, mech_hits=0"
NCT07137468,Everyday Exposures: How Chemicals and Weight Impact Breast Cancer Risk,NOT_YET_RECRUITING,OBSERVATIONAL,NA,Breast Cancer,M.D. Anderson Cancer Center,2025-12-31T14:50:10Z,18,Low,"phase=8, status=10, bio_hits=0, mech_hits=0"
NCT00899197,"Tamoxifen Resistance in Women With Stage I, Stage II, Stage IIIA, or Stage IIIB Breast Cancer",TERMINATED,OBSERVATIONAL,NA,Breast Cancer,Wake Forest University Health Sciences,2025-12-31T14:50:10Z,14,Low,"phase=8, status=6, bio_hits=0, mech_hits=0"
NCT03168074,Phase II Study of Single Agent Lenvatinib,UNKNOWN,INTERVENTIONAL,PHASE2,Breast Cancer,"National University Hospital, Singapore",2025-12-31T14:50:10Z,14,Low,"phase=8, status=6, bio_hits=0, mech_hits=0"
NCT04298918,A Study Evaluating the Safety and Efficacy of Venetoclax in Combination With Trastuzumab Emtansine in Patients With Previously Treated HER2-Positive Locally Advanced or Metastatic Breast Cancer,TERMINATED,INTERVENTIONAL,"PHASE1, PHASE2",Breast Cancer,Hoffmann-La Roche,2025-12-31T14:50:10Z,14,Low,"phase=8, status=6, bio_hits=0, mech_hits=0"
NCT03113825,"Study of AVB-620 in Women With Primary, Nonrecurrent Breast Cancer Undergoing Surgery",COMPLETED,INTERVENTIONAL,PHASE2,"Primary Invasive Malignant Neoplasm of Female Breast, Carcinoma Breast, Breast Cancer Female, Carcinoma, Ductal, Breast, Stage II Breast Cancer, Stage I Breast Cancer, Stage III Breast Cancer","Avelas Biosciences, Inc.",2025-12-31T14:50:10Z,20,Low,"phase=8, status=12, bio_hits=0, mech_hits=0"
NCT01793168,Rare Disease Patient Registry & Natural History Study - Coordination of Rare Diseases at Sanford,RECRUITING,OBSERVATIONAL,NA,"Rare Disorders, Undiagnosed Disorders, Disorders of Unknown Prevalence, Cornelia De Lange Syndrome, Prenatal Benign Hypophosphatasia, Perinatal Lethal Hypophosphatasia, Odontohypophosphatasia, Adult Hypophosphatasia, Childhood-onset Hypophosphatasia, Infantile Hypophosphatasia, Hypophosphatasia, Kabuki Syndrome, Bohring-Opitz Syndrome, Narcolepsy Without Cataplexy, Narcolepsy-cataplexy, Hypersomnolence Disorder, Idiopathic Hypersomnia Without Long Sleep Time, Idiopathic Hypersomnia With Long Sleep Time, Idiopathic Hypersomnia, Kleine-Levin Syndrome, Kawasaki Disease, Leiomyosarcoma, Leiomyosarcoma of the Corpus Uteri, Leiomyosarcoma of the Cervix Uteri, Leiomyosarcoma of Small Intestine, Acquired Myasthenia Gravis, Addison Disease, Hyperacusis (Hyperacousis), Juvenile Myasthenia Gravis, Transient Neonatal Myasthenia Gravis, Williams Syndrome, Lyme Disease, Myasthenia Gravis, Marinesco Sjogren Syndrome(Marinesco-Sjogren Syndrome), Isolated Klippel-Feil Syndrome, Frasier Syndrome, Denys-Drash Syndrome, Beckwith-Wiedemann Syndrome, Emanuel Syndrome, Isolated Aniridia, Axenfeld-Rieger Syndrome, Aniridia-intellectual Disability Syndrome, Aniridia - Renal Agenesis - Psychomotor Retardation, Aniridia - Ptosis - Intellectual Disability - Familial Obesity, Aniridia - Cerebellar Ataxia - Intellectual Disability, Aniridia - Absent Patella, Aniridia, Peters Anomaly - Cataract, Peters Anomaly, Potocki-Shaffer Syndrome, Silver-Russell Syndrome Due to Maternal Uniparental Disomy of Chromosome 11, Silver-Russell Syndrome Due to Imprinting Defect of 11p15, Silver-Russell Syndrome Due to 11p15 Microduplication, Syndromic Aniridia, WAGR Syndrome, Wolf-Hirschhorn Syndrome, 4p16.3 Microduplication Syndrome, 4p Deletion Syndrome, Non-Wolf-Hirschhorn Syndrome, Autosomal Recessive Stickler Syndrome, Stickler Syndrome Type 2, Stickler Syndrome Type 1, Stickler Syndrome, Mucolipidosis Type 4, X-linked Spinocerebellar Ataxia Type 4, X-linked Spinocerebellar Ataxia Type 3, X-linked Intellectual Disability - Ataxia - Apraxia, X-linked Progressive Cerebellar Ataxia, X-linked Non Progressive Cerebellar Ataxia, X-linked Cerebellar Ataxia, Vitamin B12 Deficiency Ataxia, Toxic Exposure Ataxia, Unclassified Autosomal Dominant Spinocerebellar Ataxia, Thyroid Antibody Ataxia, Sporadic Adult-onset Ataxia of Unknown Etiology, Spinocerebellar Ataxia With Oculomotor Anomaly, Spinocerebellar Ataxia With Epilepsy, Spinocerebellar Ataxia With Axonal Neuropathy Type 2, Spinocerebellar Ataxia Type 8, Spinocerebellar Ataxia Type 7, Spinocerebellar Ataxia Type 6, Spinocerebellar Ataxia Type 5, Spinocerebellar Ataxia Type 4, Spinocerebellar Ataxia Type 37, Spinocerebellar Ataxia Type 36, Spinocerebellar Ataxia Type 35, Spinocerebellar Ataxia Type 34, Spinocerebellar Ataxia Type 32, Spinocerebellar Ataxia Type 31, Spinocerebellar Ataxia Type 30, Spinocerebellar Ataxia Type 3, Spinocerebellar Ataxia Type 29, Spinocerebellar Ataxia Type 28, Spinocerebellar Ataxia Type 27, Spinocerebellar Ataxia Type 26, Spinocerebellar Ataxia Type 25, Spinocerebellar Ataxia Type 23, Spinocerebellar Ataxia Type 22, Spinocerebellar Ataxia Type 21, Spinocerebellar Ataxia Type 20, Spinocerebellar Ataxia Type 2, Spinocerebellar Ataxia Type 19/22, Spinocerebellar Ataxia Type 18, Spinocerebellar Ataxia Type 17, Spinocerebellar Ataxia Type 16, Spinocerebellar Ataxia Type 15/16, Spinocerebellar Ataxia Type 14, Spinocerebellar Ataxia Type 13, Spinocerebellar Ataxia Type 12, Spinocerebellar Ataxia Type 11, Spinocerebellar Ataxia Type 10, Spinocerebellar Ataxia Type 1 With Axonal Neuropathy, Spinocerebellar Ataxia Type 1, Spinocerebellar Ataxia - Unknown, Spinocerebellar Ataxia - Dysmorphism, Non Progressive Epilepsy and/or Ataxia With Myoclonus as a Major Feature, Spasticity-ataxia-gait Anomalies Syndrome, Spastic Ataxia With Congenital Miosis, Spastic Ataxia - Corneal Dystrophy, Spastic Ataxia, Rare Hereditary Ataxia, Rare Ataxia, Recessive Mitochondrial Ataxia Syndrome, Progressive Epilepsy and/or Ataxia With Myoclonus as a Major Feature, Posterior Column Ataxia - Retinitis Pigmentosa, Post-Stroke Ataxia, Post-Head Injury Ataxia, Post Vaccination Ataxia, Polyneuropathy - Hearing Loss - Ataxia - Retinitis Pigmentosa - Cataract, Muscular Atrophy - Ataxia - Retinitis Pigmentosa - Diabetes Mellitus, Non-hereditary Degenerative Ataxia, Paroxysmal Dystonic Choreathetosis With Episodic Ataxia and Spasticity, Olivopontocerebellar Atrophy - Deafness, NARP Syndrome, Myoclonus - Cerebellar Ataxia - Deafness, Multiple System Atrophy, Parkinsonian Type, Multiple System Atrophy, Cerebellar Type, Multiple System Atrophy, Maternally-inherited Leigh Syndrome, Machado-Joseph Disease Type 3, Machado-Joseph Disease Type 2, Machado-Joseph Disease Type 1, Leigh Syndrome, Late-onset Ataxia With Dementia, Infection or Post Infection Ataxia, GAD Ataxia, Hereditary Episodic Ataxia, Gliadin/Gluten Ataxia, Friedreich Ataxia, Fragile X-associated Tremor/Ataxia Syndrome, Familial Paroxysmal Ataxia, Exposure to Medications Ataxia, Episodic Ataxia With Slurred Speech, Episodic Ataxia Unknown Type, Episodic Ataxia Type 7, Episodic Ataxia Type 6, Episodic Ataxia Type 5, Episodic Ataxia Type 4, Episodic Ataxia Type 3, Episodic Ataxia Type 1, Epilepsy and/or Ataxia With Myoclonus as Major Feature, Early-onset Spastic Ataxia-neuropathy Syndrome, Early-onset Progressive Neurodegeneration - Blindness - Ataxia - Spasticity, Early-onset Cerebellar Ataxia With Retained Tendon Reflexes, Early-onset Ataxia With Dementia, Childhood-onset Autosomal Recessive Slowly Progressive Spinocerebellar Ataxia, Dilated Cardiomyopathy With Ataxia, Cataract - Ataxia - Deafness, Cerebellar Ataxia, Cayman Type, Cerebellar Ataxia With Peripheral Neuropathy, Cerebellar Ataxia - Hypogonadism, Cerebellar Ataxia - Ectodermal Dysplasia, Cerebellar Ataxia - Areflexia - Pes Cavus - Optic Atrophy - Sensorineural Hearing Loss, Brain Tumor Ataxia, Brachydactyly - Nystagmus - Cerebellar Ataxia, Benign Paroxysmal Tonic Upgaze of Childhood With Ataxia, Autosomal Recessive Syndromic Cerebellar Ataxia, Autosomal Recessive Spastic Ataxia With Leukoencephalopathy, Autosomal Recessive Spastic Ataxia of Charlevoix-Saguenay, Autosomal Recessive Spastic Ataxia - Optic Atrophy - Dysarthria, Autosomal Recessive Spastic Ataxia, Autosomal Recessive Metabolic Cerebellar Ataxia, Autosomal Dominant Spinocerebellar Ataxia Due to Repeat Expansions That do Not Encode Polyglutamine, Autosomal Recessive Ataxia, Beauce Type, Autosomal Recessive Ataxia Due to Ubiquinone Deficiency, Autosomal Recessive Ataxia Due to PEX10 Deficiency, Autosomal Recessive Degenerative and Progressive Cerebellar Ataxia, Autosomal Recessive Congenital Cerebellar Ataxia Due to MGLUR1 Deficiency, Autosomal Recessive Congenital Cerebellar Ataxia Due to GRID2 Deficiency, Autosomal Recessive Congenital Cerebellar Ataxia, Autosomal Recessive Cerebellar Ataxia-pyramidal Signs-nystagmus-oculomotor Apraxia Syndrome, Autosomal Recessive Cerebellar Ataxia-epilepsy-intellectual Disability Syndrome Due to WWOX Deficiency, Autosomal Recessive Cerebellar Ataxia-epilepsy-intellectual Disability Syndrome Due to TUD Deficiency, Autosomal Recessive Cerebellar Ataxia-epilepsy-intellectual Disability Syndrome Due to KIAA0226 Deficiency, Autosomal Recessive Cerebellar Ataxia-epilepsy-intellectual Disability Syndrome, Autosomal Recessive Cerebellar Ataxia With Late-onset Spasticity, Autosomal Recessive Cerebellar Ataxia Due to STUB1 Deficiency, Autosomal Recessive Cerebellar Ataxia Due to a DNA Repair Defect, Autosomal Recessive Cerebellar Ataxia - Saccadic Intrusion, Autosomal Recessive Cerebellar Ataxia - Psychomotor Retardation, Autosomal Recessive Cerebellar Ataxia - Blindness - Deafness, Autosomal Recessive Cerebellar Ataxia, Autosomal Dominant Spinocerebellar Ataxia Due to a Polyglutamine Anomaly, Autosomal Dominant Spinocerebellar Ataxia Due to a Point Mutation, Autosomal Dominant Spinocerebellar Ataxia Due to a Channelopathy, Autosomal Dominant Spastic Ataxia Type 1, Autosomal Dominant Spastic Ataxia, Autosomal Dominant Optic Atrophy, Ataxia-telangiectasia Variant, Ataxia-telangiectasia, Autosomal Dominant Cerebellar Ataxia, Deafness and Narcolepsy, Autosomal Dominant Cerebellar Ataxia Type 4, Autosomal Dominant Cerebellar Ataxia Type 3, Autosomal Dominant Cerebellar Ataxia Type 2, Autosomal Dominant Cerebellar Ataxia Type 1, Autosomal Dominant Cerebellar Ataxia, Ataxia-telangiectasia-like Disorder, Ataxia With Vitamin E Deficiency, Ataxia With Dementia, Ataxia - Oculomotor Apraxia Type 1, Ataxia - Other, Ataxia - Genetic Diagnosis - Unknown, Acquired Ataxia, Adult-onset Autosomal Recessive Cerebellar Ataxia, Alcohol Related Ataxia, Multiple Endocrine Neoplasia, Multiple Endocrine Neoplasia Type II, Multiple Endocrine Neoplasia Type 1, Multiple Endocrine Neoplasia Type 2, Multiple Endocrine Neoplasia, Type IV, Multiple Endocrine Neoplasia, Type 3, Multiple Endocrine Neoplasia (MEN) Syndrome, Multiple Endocrine Neoplasia Type 2B, Multiple Endocrine Neoplasia Type 2A, Atypical Hemolytic Uremic Syndrome, Atypical HUS, Wiedemann-Steiner Syndrome, Breast Implant-Associated Anaplastic Large Cell Lymphoma, Autoimmune/Inflammatory Syndrome Induced by Adjuvants (ASIA), Hemophagocytic Lymphohistiocytosis, Behcet&#39;s Disease, Alagille Syndrome, Inclusion Body Myopathy With Early-onset Paget Disease and Frontotemporal Dementia (IBMPFD), Lowe Syndrome, Pitt Hopkins Syndrome, 1p36 Deletion Syndrome, Jansen Type Metaphyseal Chondrodysplasia, Cockayne Syndrome, Chronic Recurrent Multifocal Osteomyelitis, CRMO, Malan Syndrome, Hereditary Sensory and Autonomic Neuropathy Type Ie, VCP Disease, Hypnic Jerking, Sleep Myoclonus, Mollaret Meningitis, Recurrent Viral Meningitis, CRB1, Leber Congenital Amaurosis, Retinitis Pigmentosa, Rare Retinal Disorder, KCNMA1-Channelopathy, Primary Biliary Cirrhosis, ZMYND11, Transient Global Amnesia, Glycogen Storage Disease, Alstrom Syndrome, White Sutton Syndrome, DNM1, EIEE31, Myhre Syndrome, Recurrent Respiratory Papillomatosis, Laryngeal Papillomatosis, Tracheal Papillomatosis, Refsum Disease, Nicolaides Baraitser Syndrome, Leukodystrophy, Tango2, Cauda Equina Syndrome, Rare Gastrointestinal Disorders, Achalasia-Addisonian Syndrome, Achalasia Cardia, Achalasia Icrocephaly Syndrome, Anal Fistula, Congenital Sucrase-Isomaltase Deficiency, Eosinophilic Gastroenteritis, Idiopathic Gastroparesis, Hirschsprung Disease, Rare Inflammatory Bowel Disease, Intestinal Pseudo-Obstruction, Scleroderma, Short Bowel Syndrome, Sacral Agenesis, Sacral Agenesis Syndrome, Caudal Regression, Scheuermann Disease, SMC1A Truncated Mutations (Causing Loss of Gene Function), Cystinosis, Juvenile Nephropathic Cystinosis, Nephropathic Cystinosis, Kennedy Disease, Spinal Bulbar Muscular Atrophy, Warburg Micro Syndrome, Mucolipidoses, Mitochondrial Diseases, Mitochondrial Aminoacyl-tRNA Synthetases, Mt-aaRS Disorders, Hypertrophic Olivary Degeneration, Non-Ketotic Hyperglycinemia, Fish Odor Syndrome, Halitosis, Isolated Congenital Asplenia, Lambert Eaton (LEMS), Biliary Atresia, STAG1 Gene Mutation, Coffin Lowry Syndrome, Borjeson-Forssman-Lehman Syndrome, Blau Syndrome, Arginase 1 Deficiency, HSPB8 Myopathy, Beta-Mannosidosis, TBX4 Syndrome, DHDDS Gene Mutations, MAND-MBD5-Associated Neurodevelopmental Disorder, Constitutional Mismatch Repair Deficiency (CMMRD), SPATA5 Disorder, SPATA5L1 Related Disorder, Acrodysostosis, Multi-systematic Smooth Muscle Dysfunction Syndrome, CRELD1 (Cysteine Rich With EGF Like Domains 1), GNB1 Syndrome, Pyruvate Dehydrogenase Complex Deficiency Disease, Beta Mannosidosis, Kbg Syndrome, Labrune Syndrome, Metachromatic Leukodystrophy (MLD), Moyamoya Disease, OPHN1 Syndrome, Oculopharyngeal Muscular Dystrophy (OPMD), TUBB3 Mutation, WOREE (WWOX-related Epileptic Encephalopathy, SCAR12, Skraban-Deardorff Syndrome, Hereditary Myopathy With Early Respiratory Failure",Sanford Health,2025-12-31T14:50:10Z,33,Low,"phase=8, status=10, bio_hits=2, mech_hits=1"
NCT01544374,Tracking & Feedback Registry to Reduce Breast Cancer Treatment Disparities,COMPLETED,INTERVENTIONAL,NA,Breast Cancer,Icahn School of Medicine at Mount Sinai,2025-12-31T14:50:10Z,20,Low,"phase=8, status=12, bio_hits=0, mech_hits=0"
NCT04861220,Surgical Pre-habilitation in Breast Cancer.,UNKNOWN,INTERVENTIONAL,NA,Breast Neoplasm,"Instituto Nacional de Cancer, Brazil",2025-12-31T14:50:10Z,14,Low,"phase=8, status=6, bio_hits=0, mech_hits=0"
NCT01737970,A Study to Correlate Ultrasound Elastography With Histopathology to Monitor the Response of Locally Advanced Breast Cancer to Neoadjuvant Chemotherapy,COMPLETED,OBSERVATIONAL,NA,"Breast Cancer, Neoadjuvant Therapy",Oxford University Hospitals NHS Trust,2025-12-31T14:50:10Z,23,Low,"phase=8, status=12, bio_hits=0, mech_hits=1"
NCT06480513,Cancer Of the BReast Asanas Study (COBRA),RECRUITING,INTERVENTIONAL,NA,Breast Cancer,UMC Utrecht,2025-12-31T14:50:10Z,18,Low,"phase=8, status=10, bio_hits=0, mech_hits=0"
NCT05814224,Monitoring luminAl Breast Cancer Through the Evaluation of Mutational and epiGeNEtic alteraTIons of Circulating ESR1 DNA,UNKNOWN,INTERVENTIONAL,NA,"Hormone Receptor Positive Breast Carcinoma, Breast Neoplasms, Neoplasms, Breast, Breast Diseases, Antineoplastic Agents, Aromatase Inhibitors, ESR1 Gene Mutation",Centro di Riferimento Oncologico - Aviano,2025-12-31T14:50:10Z,23,Low,"phase=8, status=6, bio_hits=1, mech_hits=1"
NCT03729596,MGC018 With or Without MGA012 in Advanced Solid Tumors,TERMINATED,INTERVENTIONAL,"PHASE1, PHASE2","Squamous Cell Carcinoma of Head and Neck, Triple Negative Breast Cancer, Melanoma, Advanced Solid Tumor, Adult, Metastatic Castrate Resistant Prostate Cancer, Non Small Cell Lung Cancer",MacroGenics,2025-12-31T14:50:10Z,14,Low,"phase=8, status=6, bio_hits=0, mech_hits=0"
NCT05213962,Local and Regional Radiotherapy for Nipple Sparing Mastectomy With Implant,ENROLLING_BY_INVITATION,OBSERVATIONAL,NA,Breast Cancer,"National Cancer Center, Korea",2025-12-31T14:50:10Z,17,Low,"phase=8, status=6, bio_hits=0, mech_hits=1"
NCT02158962,Empowered Sisters Project Making Choices Reducing Risks,UNKNOWN,INTERVENTIONAL,NA,"Domestic Violence, Domestic Abuse",University of the Virgin Islands,2025-12-31T14:50:10Z,14,Low,"phase=8, status=6, bio_hits=0, mech_hits=0"
NCT00241462,Faslodex Observations During Regular Use by Advanced Mammacarcinoma Patients,TERMINATED,OBSERVATIONAL,NA,Breast Cancer,AstraZeneca,2025-12-31T14:50:10Z,14,Low,"phase=8, status=6, bio_hits=0, mech_hits=0"
NCT00821288,Post-treatment Care of Breast Cancer Survivors,COMPLETED,INTERVENTIONAL,NA,Breast Neoplasm,Columbia University,2025-12-31T14:50:10Z,20,Low,"phase=8, status=12, bio_hits=0, mech_hits=0"
NCT00879086,A Study Comparing Eribulin Mesylate and Ixabepilone in Causing or Exacerbating Neuropathy in Participants With Advanced Breast Cancer,COMPLETED,INTERVENTIONAL,PHASE2,Breast Cancer,Eisai Inc.,2025-12-31T14:50:10Z,20,Low,"phase=8, status=12, bio_hits=0, mech_hits=0"
NCT00769470,"Docetaxel, Carboplatin, and Trastuzumab and/or Lapatinib in Treating Women With Stage I, Stage II, or Stage III Breast Cancer That Can Be Removed by Surgery",COMPLETED,INTERVENTIONAL,PHASE2,Breast Cancer,Translational Oncology Research International,2025-12-31T14:50:10Z,20,Low,"phase=8, status=12, bio_hits=0, mech_hits=0"
NCT01042925,Study of XL147 (SAR245408) in Combination With Trastuzumab or Paclitaxel and Trastuzumab in Subjects With Metastatic Breast Cancer Who Have Progressed on a Previous Trastuzumab-based Regimen,COMPLETED,INTERVENTIONAL,"PHASE1, PHASE2","Breast Cancer, Breast Neoplasms",Sanofi,2025-12-31T14:50:10Z,20,Low,"phase=8, status=12, bio_hits=0, mech_hits=0"
NCT00117910,Treatment for Elderly Patients With High Risk Breast Cancer,COMPLETED,INTERVENTIONAL,PHASE3,Breast Cancer,Amgen,2025-12-31T14:50:10Z,20,Low,"phase=8, status=12, bio_hits=0, mech_hits=0"
NCT00121160,Health SMART (Stress Management and Relaxation Training) to Improve Vaccine Immune Response,COMPLETED,INTERVENTIONAL,PHASE1,Psychological Stress,Fred Hutchinson Cancer Center,2025-12-31T14:50:10Z,20,Low,"phase=8, status=12, bio_hits=0, mech_hits=0"
NCT02744079,Comparison of Healthy Diets on Breast Cancer Markers,COMPLETED,INTERVENTIONAL,NA,Breast Neoplasms,Albert Einstein College of Medicine,2025-12-31T14:50:10Z,20,Low,"phase=8, status=12, bio_hits=0, mech_hits=0"
NCT04320979,Postmastecomy Internal Mammary Nodal Irradiation for High-risk Breast Cancer Patients,UNKNOWN,INTERVENTIONAL,PHASE3,Breast Cancer,Chinese Academy of Medical Sciences,2025-12-31T14:50:10Z,20,Low,"phase=8, status=6, bio_hits=1, mech_hits=0"
NCT05873296,Health Education for Women With Breast Cancer,COMPLETED,INTERVENTIONAL,NA,Breast Cancer Female,Federal University of Maranhao,2025-12-31T14:50:10Z,20,Low,"phase=8, status=12, bio_hits=0, mech_hits=0"
NCT01186796,Role of Endogenous Estrogen in Growth-Hormone Regulation in Postmenopausal Women,COMPLETED,INTERVENTIONAL,PHASE1,Healthy,Mayo Clinic,2025-12-31T14:50:10Z,20,Low,"phase=8, status=12, bio_hits=0, mech_hits=0"
NCT04372888,Examining Choice Architecture for Genetic Testing Decisions,COMPLETED,INTERVENTIONAL,NA,Decision Making,Boston College,2025-12-31T14:50:10Z,26,Low,"phase=8, status=12, bio_hits=1, mech_hits=0"
NCT00271661,Presbyopia in Breast Cancer Survivors,WITHDRAWN,OBSERVATIONAL,NA,Presbyopia,Alberta Health services,2025-12-31T14:50:10Z,14,Low,"phase=8, status=6, bio_hits=0, mech_hits=0"
NCT06694142,Feasibility of Addressing Sexual Dysfunction in Women with Breast and Gynecologic Cancers with a Novel Mobile Application,NOT_YET_RECRUITING,INTERVENTIONAL,NA,Sexual Dysfunction,"The University of Texas Health Science Center, Houston",2025-12-31T14:50:10Z,18,Low,"phase=8, status=10, bio_hits=0, mech_hits=0"
NCT01642342,Recombinant Albumin Fusion Protein sEphB4-HSA in Treating Patients With Metastatic or Recurrent Solid Tumors,TERMINATED,INTERVENTIONAL,PHASE1,"Unspecified Adult Solid Tumor, Protocol Specific",University of Southern California,2025-12-31T14:50:10Z,14,Low,"phase=8, status=6, bio_hits=0, mech_hits=0"
NCT00876642,Trial Comparing Best Supportive Care to Aloe Vera Gel,COMPLETED,INTERVENTIONAL,PHASE3,Radiation Dermatitis,Marilia Medicine School,2025-12-31T14:50:10Z,20,Low,"phase=8, status=12, bio_hits=0, mech_hits=0"
NCT06746142,"Dosimetric Comparison of Target Volume, Heart and Left Lung in Post Mastectomy Radiotherapy (RT) of Left Sided Breast Cancer by Free Breathing (FB) Versus Deep Inspiration Breath Hold (DIBH) Technique",ACTIVE_NOT_RECRUITING,INTERVENTIONAL,NA,"Carcinoma Breast, Radiation Therapy for Primary Breast Cancer, Radiation Tolerance, Radiation Induced Cardiac Damage, Radiation Induced Lung Injury (RILI), Radiotherapy; Adverse Effect, Radiotherapy, Adjuvant",Nishat Tasnim,2025-12-31T14:50:10Z,24,Low,"phase=8, status=10, bio_hits=0, mech_hits=2"
NCT04401189,The Role of Circadian Rhythms in Cancer-Related Symptoms,COMPLETED,OBSERVATIONAL,NA,"Breast Cancer, Fatigue, Cognitive Impairment, Sleep, Depression, Quality of Life, Stress, Psychological, Inflammation, Circadian Rhythm Disorders, Cancer-Related Syndrome",Aarhus University Hospital,2025-12-31T14:50:10Z,20,Low,"phase=8, status=12, bio_hits=0, mech_hits=0"
NCT00900068,Blood Samples From Patients on a Clinical Trial to CINV During HSCT,TERMINATED,OBSERVATIONAL,NA,"Breast Cancer, Chronic Myeloproliferative Disorders, Gestational Trophoblastic Tumor, Leukemia, Lymphoma, Multiple Myeloma and Plasma Cell Neoplasm, Myelodysplastic Syndromes, Myelodysplastic/Myeloproliferative Neoplasms, Nausea and Vomiting, Neuroblastoma, Ovarian Cancer, Testicular Germ Cell Tumor",OHSU Knight Cancer Institute,2025-12-31T14:50:10Z,14,Low,"phase=8, status=6, bio_hits=0, mech_hits=0"
NCT00915018,Study Evaluating Neratinib Plus Paclitaxel VS Trastuzumab Plus Paclitaxel In ErbB-2 Positive Advanced Breast Cancer,COMPLETED,INTERVENTIONAL,PHASE2,Breast Cancer,"Puma Biotechnology, Inc.",2025-12-31T14:50:10Z,20,Low,"phase=8, status=12, bio_hits=0, mech_hits=0"
NCT05870813,CLEAR-B: Cancer Landscape - Early Adjuvant Retrospective Registry - Breast Cancer,UNKNOWN,OBSERVATIONAL,NA,"Breast Cancer, HER2-negative Breast Cancer, Hormone Receptor Positive Breast Carcinoma",Institut fuer Frauengesundheit,2025-12-31T14:50:10Z,14,Low,"phase=8, status=6, bio_hits=0, mech_hits=0"
NCT03544762,Correlation of 16α-[18F]Fluoro-17β-estradiol PET Imaging With ESR1 Mutation,UNKNOWN,INTERVENTIONAL,PHASE3,Breast Cancer,National Taiwan University Hospital,2025-12-31T14:50:10Z,14,Low,"phase=8, status=6, bio_hits=0, mech_hits=0"
NCT03541161,Early Rehabilitation After Immediate Reconstruction With TEI in Breast Cancer Patients,COMPLETED,OBSERVATIONAL,NA,Breast Cancer,Samsung Medical Center,2025-12-31T14:50:10Z,20,Low,"phase=8, status=12, bio_hits=0, mech_hits=0"
NCT06910761,Photon Craniospinal Irradiation for the Treatment of Leptomeningeal Disease Secondary to Breast Cancer or Non-small Cell Lung Cancer,RECRUITING,INTERVENTIONAL,PHASE2,"Anatomic Stage IV Breast Cancer AJCC v8, Metastatic Breast Carcinoma, Metastatic Lung Non-Small Cell Carcinoma, Metastatic Malignant Neoplasm in the Leptomeninges, Stage IV Lung Cancer AJCC v8",City of Hope Medical Center,2025-12-31T14:50:10Z,18,Low,"phase=8, status=10, bio_hits=0, mech_hits=0"
NCT04751370,Testing Nivolumab and Ipilimumab With Short-Course Radiation in Locally Advanced Rectal Cancer,ACTIVE_NOT_RECRUITING,INTERVENTIONAL,PHASE2,"Locally Advanced Rectal Adenocarcinoma, Stage II Rectal Cancer AJCC v8, Stage III Rectal Cancer AJCC v8",National Cancer Institute (NCI),2025-12-31T14:50:10Z,18,Low,"phase=8, status=10, bio_hits=0, mech_hits=0"
NCT05974410,Expanded Access to Immunomodulatory AVM0703 for Solid Tumor and Blood Cancer Patients,AVAILABLE,EXPANDED_ACCESS,NA,"Glioblastoma, Squamous Cell Carcinoma, Hodgkin Lymphoma, Non-hodgkin Lymphoma, Breast Cancer, Prostate Cancer, Gastric Cancer, Ovarian Cancer, Acute Leukemia, Pancreatic Cancer, Spindle Cell Sarcoma, Cancer, Tumor, Solid, Tumor, Brain, Esophageal Andeocarcinoma, Mixed Phenotype AML, Desmoplastic Round Cell Sarcoma",AVM Biotechnology Inc,2025-12-31T14:50:10Z,14,Low,"phase=8, status=6, bio_hits=0, mech_hits=0"
NCT03005860,Effect of TIVA Propofol vs Sevoflurane Anaesthetic on Serum Biomarkers and on PBMCs in Breast Cancer Surgery,WITHDRAWN,INTERVENTIONAL,NA,Female Breast Cancer,Tata Memorial Centre,2025-12-31T14:50:10Z,20,Low,"phase=8, status=6, bio_hits=1, mech_hits=0"
NCT04047459,Investigation of Cancer Cell Extravasation Through mRNA Analysis of Organ-specific Endothelial Cells and Microfluidics,COMPLETED,OBSERVATIONAL,NA,Breast Cancer Metastatic,I.R.C.C.S Ospedale Galeazzi-Sant'Ambrogio,2025-12-31T14:50:10Z,32,Low,"phase=8, status=12, bio_hits=2, mech_hits=0"
NCT05946759,Reoperation Rate in Breast-Conserving Surgery Using Confocal Histolog® Scanner for Intraoperative Margin Assessment,COMPLETED,INTERVENTIONAL,NA,"Breast Cancer - Ductal Carcinoma in Situ (DCIS), Breast-Conserving Surgery",SamanTree Medical SA,2025-12-31T14:50:10Z,20,Low,"phase=8, status=12, bio_hits=0, mech_hits=0"
NCT00082979,Duct Endoscopy in Assessing Cellular Atypia in the Breast Duct Fluid of Women With a Genetic Risk for Breast Cancer,UNKNOWN,INTERVENTIONAL,PHASE2,Breast Cancer,Royal Marsden NHS Foundation Trust,2025-12-31T14:50:10Z,20,Low,"phase=8, status=6, bio_hits=1, mech_hits=0"
NCT05891561,"Short-course Trastuzumab, Pertuzumab with Taxanes in the Adjuvant Treatment of Early HER2-positive Breast Cancer",RECRUITING,INTERVENTIONAL,PHASE2,Breast Cancer,Shanghai Jiao Tong University School of Medicine,2025-12-31T14:50:10Z,18,Low,"phase=8, status=10, bio_hits=0, mech_hits=0"
NCT04586686,Combining Interventions of Fertility Preservation to Mitigate Fertility Loss After Breast Cancer,UNKNOWN,INTERVENTIONAL,NA,Breast Cancer Female,Universitair Ziekenhuis Brussel,2025-12-31T14:50:10Z,14,Low,"phase=8, status=6, bio_hits=0, mech_hits=0"
NCT04241341,Does Immediate Lymphatic Reconstruction Decrease the Risk of Lymphedema After Axillary Lymph Node Dissection,ACTIVE_NOT_RECRUITING,INTERVENTIONAL,PHASE3,Breast Cancer Lymphedema,Memorial Sloan Kettering Cancer Center,2025-12-31T14:50:10Z,18,Low,"phase=8, status=10, bio_hits=0, mech_hits=0"
NCT04530890,Interest of Circulating Tumor DNA in Digestive and Gynecologic/Breast Cancer,RECRUITING,INTERVENTIONAL,NA,"Breast Cancer, Digestive Cancer, Gynecologic Cancer, Circulating Tumor DNA, Exosomes",Poitiers University Hospital,2025-12-31T14:50:10Z,18,Low,"phase=8, status=10, bio_hits=0, mech_hits=0"
NCT00768859,Trastuzumab in a Neo-adjuvant Regimen for HER2+ Breast Cancer - the TRAIN Study,COMPLETED,INTERVENTIONAL,PHASE2,"Breast Cancer, HER2 Positive",The Netherlands Cancer Institute,2025-12-31T14:50:10Z,20,Low,"phase=8, status=12, bio_hits=0, mech_hits=0"
NCT03892096,Development of a Cell Free DNA Assay as a Biomarker for Predicting Early Non-response to Therapy in Metastatic Cancer,COMPLETED,OBSERVATIONAL,NA,"Metastatic Non-Small Cell Lung Carcinoma, Metastatic Colorectal Cancer, Metastatic Breast Cancer",Cadex Genomics,2025-12-31T14:50:10Z,29,Low,"phase=8, status=12, bio_hits=1, mech_hits=1"
NCT04107142,Haplo / Allogeneic NKG2DL-targeting Chimeric Antigen Receptor-grafted γδ T Cells for Relapsed or Refractory Solid Tumour,UNKNOWN,INTERVENTIONAL,PHASE1,"Colorectal Cancer, Triple Negative Breast Cancer, Sarcoma, Nasopharyngeal Carcinoma, Prostate Cancer, Gastric Cancer",CytoMed Therapeutics Pte Ltd,2025-12-31T14:50:10Z,23,Low,"phase=8, status=6, bio_hits=1, mech_hits=1"
NCT04600869,Effects of Naturalistic Decision-Making Model-based Oncofertility Care Education,COMPLETED,INTERVENTIONAL,NA,"Fertility Issues, Breast Cancer, Education",Mackay Medical College,2025-12-31T14:50:10Z,20,Low,"phase=8, status=12, bio_hits=0, mech_hits=0"
NCT02062983,Early Predictor of Herceptin Cardio Toxicity in Breast Cancer Patients,SUSPENDED,OBSERVATIONAL,NA,Breast Cancer,National Guard Health Affairs,2025-12-31T14:50:10Z,14,Low,"phase=8, status=6, bio_hits=0, mech_hits=0"
NCT01091974,Cognitive Behavioral Therapy +/- Armodafinil for Insomnia and Fatigue Following Chemotherapy,COMPLETED,INTERVENTIONAL,PHASE2,"Insomnia, Fatigue, Breast Cancer",University of Rochester,2025-12-31T14:50:10Z,23,Low,"phase=8, status=12, bio_hits=0, mech_hits=1"
NCT07026110,Clinical Application Study of PET/CT for Differential Diagnosis of Non-small Cell Lung Cancer,RECRUITING,INTERVENTIONAL,NA,"Lung Cancer, Lung Diseases, Lung Neoplasms, Lung Cancer Metastatic, Lung Inflammation",RenJi Hospital,2025-12-31T14:50:10Z,18,Low,"phase=8, status=10, bio_hits=0, mech_hits=0"
NCT01036113,A Phase 2 Study of EZN-2208 in Patients With Metastatic Breast Cancer,TERMINATED,INTERVENTIONAL,PHASE2,Metastatic Breast Cancer,"Enzon Pharmaceuticals, Inc.",2025-12-31T14:50:10Z,14,Low,"phase=8, status=6, bio_hits=0, mech_hits=0"
NCT00331760,Intensity-Modulated Radiation Therapy to the Pelvis With or Without Chemotherapy in Treating Patients With Endometrial Cancer or Cervical Cancer That Has Been Removed By Surgery,COMPLETED,INTERVENTIONAL,PHASE2,"Cervical Cancer, Endometrial Cancer",Radiation Therapy Oncology Group,2025-12-31T14:50:10Z,23,Low,"phase=8, status=12, bio_hits=0, mech_hits=1"
NCT00020410,Radiolabeled Monoclonal Antibody Followed by Peripheral Stem Cell Transplantation in Treating Patients With Relapsed or Metastatic Breast Cancer,COMPLETED,INTERVENTIONAL,PHASE1,Breast Cancer,National Cancer Institute (NCI),2025-12-31T14:50:10Z,26,Low,"phase=8, status=12, bio_hits=0, mech_hits=2"
NCT00997360,Study of PKI-179 Administered Orally to Subjects With Solid Tumors,WITHDRAWN,INTERVENTIONAL,PHASE1,Advanced Malignant Solid Tumors,Wyeth is now a wholly owned subsidiary of Pfizer,2025-12-31T14:50:10Z,14,Low,"phase=8, status=6, bio_hits=0, mech_hits=0"
NCT01401959,Trial of Eribulin in Patients Who Do Not Achieve Pathologic Complete Response (pCR) Following Neoadjuvant Chemotherapy,COMPLETED,INTERVENTIONAL,PHASE2,Metastatic Breast Cancer,"SCRI Development Innovations, LLC",2025-12-31T14:50:10Z,23,Low,"phase=8, status=12, bio_hits=0, mech_hits=1"
NCT06635096,The Safety and Efficacy of Multimodal Thermal Therapy in the Treatment of Early-stage Invasive Breast Cancer,NOT_YET_RECRUITING,INTERVENTIONAL,NA,Breast Cancer Female,Fudan University,2025-12-31T14:50:10Z,21,Low,"phase=8, status=10, bio_hits=0, mech_hits=1"
NCT05697146,Ribociclib Real-world Treatment Patterns and Clinical Outcomes Among Women With HR+/HER2- Advanced or Metastatic Breast Cancer in France,ACTIVE_NOT_RECRUITING,OBSERVATIONAL,NA,Breast Cancer,Novartis Pharmaceuticals,2025-12-31T14:50:10Z,18,Low,"phase=8, status=10, bio_hits=0, mech_hits=0"
NCT00005588,Radiation Therapy After Surgery in Treating Women With Early Stage Breast Cancer,COMPLETED,INTERVENTIONAL,PHASE3,Breast Cancer,Medical Research Council,2025-12-31T14:50:10Z,23,Low,"phase=8, status=12, bio_hits=0, mech_hits=1"
NCT04692103,Serial FES PET/CT to Measure Hormone Expression in Patients Undergoing Endocrine Targeted Therapy,ACTIVE_NOT_RECRUITING,INTERVENTIONAL,PHASE2,"Estrogen Receptor Positive, Primary or Recurrent Breast Carcinoma, Stage IV Breast Cancer AJCC v6 and v7",University of Washington,2025-12-31T14:50:10Z,30,Low,"phase=8, status=10, bio_hits=1, mech_hits=2"
NCT03039127,Immunostimulating Interstitial Laser Thermotherapy in Breast Cancer,TERMINATED,INTERVENTIONAL,NA,Breast Neoplasms,Clinical Laserthermia Systems AB,2025-12-31T14:50:10Z,17,Low,"phase=8, status=6, bio_hits=0, mech_hits=1"
NCT03413761,"Antioxidant Supplements, Genetics and Chemotherapy Outcomes",COMPLETED,OBSERVATIONAL,NA,"Node Positive Breast Cancer, Node Negative Breast Cancer",Roswell Park Cancer Institute,2025-12-31T14:50:10Z,29,Low,"phase=8, status=12, bio_hits=1, mech_hits=1"
NCT00881361,"Surgery to Remove the Sentinel Lymph Node and Axillary Lymph Nodes After Chemotherapy in Treating Women With Stage II, Stage IIIA, or Stage IIIB Breast Cancer",COMPLETED,INTERVENTIONAL,PHASE2,Breast Cancer,Alliance for Clinical Trials in Oncology,2025-12-31T14:50:10Z,23,Low,"phase=8, status=12, bio_hits=0, mech_hits=1"
NCT02801123,The MATCH Study: Mindfulness And Tai Chi for Cancer Health,UNKNOWN,INTERVENTIONAL,NA,Cancer,Linda E. Carlson,2025-12-31T14:50:10Z,14,Low,"phase=8, status=6, bio_hits=0, mech_hits=0"
NCT00450762,Gemcitabine + Carboplatin in Breast Cancer,COMPLETED,INTERVENTIONAL,PHASE2,Breast Cancer,Ludwig-Maximilians - University of Munich,2025-12-31T14:50:10Z,20,Low,"phase=8, status=12, bio_hits=0, mech_hits=0"
NCT02327442,68Ga-NOTA-NFB: Radiation Dosimetry in Healthy Volunteers and Applications in Glioma Patients or Breast Cancer Patients,UNKNOWN,OBSERVATIONAL,NA,"Glioma, Breast Cancer",Xijing Hospital,2025-12-31T14:50:10Z,14,Low,"phase=8, status=6, bio_hits=0, mech_hits=0"
NCT07238127,AST/ALT & MPV/Platelets Ratios in Breast Cancer,NOT_YET_RECRUITING,OBSERVATIONAL,NA,"Breast Cancer, AST/ALT Ratio, MPV/Platelets Ratio",Assiut University,2025-12-31T14:50:10Z,18,Low,"phase=8, status=10, bio_hits=0, mech_hits=0"
NCT04252768,"A Study in Hormone Receptor-positive Metastatic Breast Carcinoma Patients to Test a New Schedule of Efti (IMP321, Eftilagimod Alpha) as Adjunctive to a Weekly Treatment Regimen of Paclitaxel",WITHDRAWN,INTERVENTIONAL,PHASE1,Metastatic Breast Cancer,Immutep S.A.S.,2025-12-31T14:50:10Z,14,Low,"phase=8, status=6, bio_hits=0, mech_hits=0"
NCT04459650,A Study of PRP Treatment for Hair Loss After Cancer Therapy in Women With Breast Cancer,COMPLETED,INTERVENTIONAL,EARLY_PHASE1,Alopecia,Memorial Sloan Kettering Cancer Center,2025-12-31T14:50:10Z,23,Low,"phase=8, status=12, bio_hits=0, mech_hits=1"
NCT04261218,"Safety, Pharmacodynamics, Pharmacokinetics, and Efficacy of Tomivosertib Combined With Paclitaxel in Advanced Breast Cancer",COMPLETED,INTERVENTIONAL,PHASE1,Breast Cancer,Translational Research in Oncology,2025-12-31T14:50:10Z,20,Low,"phase=8, status=12, bio_hits=0, mech_hits=0"
NCT06309290,Prehabilitation With Resistance-exercise Training for Breast Cancer Neoadjuvant Therapy,RECRUITING,INTERVENTIONAL,NA,"Prehabilitation, Breast Cancer, Postmenopause, Resistance Training",Universidad de La Frontera,2025-12-31T14:50:10Z,21,Low,"phase=8, status=10, bio_hits=0, mech_hits=1"
NCT05625659,Comparison of Breast Cancer Screening With CESM to DBT in Women With Dense Breasts,RECRUITING,INTERVENTIONAL,NA,Breast Cancer,American College of Radiology,2025-12-31T14:50:10Z,18,Low,"phase=8, status=10, bio_hits=0, mech_hits=0"
NCT06178159,DV in Combination With Pertuzumab With or Without Toripalimab Neoadjuvant Therapy With HER2-positive Breast Cancer,RECRUITING,INTERVENTIONAL,PHASE2,Breast Cancer,"RemeGen Co., Ltd.",2025-12-31T14:50:10Z,21,Low,"phase=8, status=10, bio_hits=0, mech_hits=1"
NCT02222259,A Feasibility Trial of Geriatric Assessment and Management for Older Cancer Patients,COMPLETED,INTERVENTIONAL,NA,"Breast Cancer, Gastrointestinal Cancer, Genitourinary Cancer",University of Toronto,2025-12-31T14:50:10Z,20,Low,"phase=8, status=12, bio_hits=0, mech_hits=0"
NCT01191580,Interpersonal Therapy for Depression in Breast Cancer,COMPLETED,INTERVENTIONAL,PHASE4,Major Depression,New York State Psychiatric Institute,2025-12-31T14:50:10Z,23,Low,"phase=8, status=12, bio_hits=0, mech_hits=1"
NCT04158362,Endocrine Therapy With Abemaciclib or Chemotherapy as Initial Metastatic Treatment in ER+/HER2- Breast Cancer,ACTIVE_NOT_RECRUITING,INTERVENTIONAL,PHASE3,Cancer Metastatic,UNICANCER,2025-12-31T14:50:10Z,21,Low,"phase=8, status=10, bio_hits=0, mech_hits=1"
NCT06192446,Factors Influencing Adherence to Adjuvant Endocrine Therapy,RECRUITING,OBSERVATIONAL,NA,"Adherence, Treatment",University of Zagreb,2025-12-31T14:50:10Z,21,Low,"phase=8, status=10, bio_hits=0, mech_hits=1"
NCT04293146,Pre- Versus Sub-pectoral Implant-based Breast Reconstruction After Skin-sparing Mastectomy or Nipple-sparing Mastectomy OPBC-02PREPEC,ACTIVE_NOT_RECRUITING,INTERVENTIONAL,NA,"Breast Reconstruction, Implant-Based Breast Reconstruction (IBBR)","University Hospital, Basel, Switzerland",2025-12-31T14:50:10Z,18,Low,"phase=8, status=10, bio_hits=0, mech_hits=0"
NCT03658161,Communicating About Sexual Concerns and Dysfunction Effectively (CASCADE) Program,COMPLETED,INTERVENTIONAL,NA,Cancer,Duke University,2025-12-31T14:50:10Z,20,Low,"phase=8, status=12, bio_hits=0, mech_hits=0"
NCT05528133,Genomically Guided Radiation Therapy in the Management of Triple Negative Breast Cancer,RECRUITING,INTERVENTIONAL,PHASE2,Triple Negative Breast Cancer,H. Lee Moffitt Cancer Center and Research Institute,2025-12-31T14:50:10Z,27,Low,"phase=8, status=10, bio_hits=1, mech_hits=1"
NCT03955640,Hyperthermia and Olaparib in Treating Breast Cancer Patients With Chest Wall Recurrences,TERMINATED,INTERVENTIONAL,PHASE1,"Metastatic Malignant Neoplasm in the Chest Wall, Recurrent Breast Carcinoma",Thomas Jefferson University,2025-12-31T14:50:10Z,14,Low,"phase=8, status=6, bio_hits=0, mech_hits=0"
NCT00547989,"Paravertebral Block, an Adjunct to General Anaesthesia for Breast Surgery?",COMPLETED,INTERVENTIONAL,PHASE3,Breast Cancer,Maastricht University Medical Center,2025-12-31T14:50:10Z,26,Low,"phase=8, status=12, bio_hits=1, mech_hits=0"
NCT01613560,Clinical Study of Adjuvant Therapy on Post-menopausal Women With Breast Cancer Under the Guidance of the Results of Preoperative Endocrinotherapy,UNKNOWN,INTERVENTIONAL,PHASE2,Breast Cancer,Tao OUYANG,2025-12-31T14:50:10Z,17,Low,"phase=8, status=6, bio_hits=0, mech_hits=1"
